timestamp;accX;accY;accZ;gyroX;gyroY;gyroZ
865823;-1.0;-2.0;2044.0;-2.0;3.0;1.0
865827;-24.0;-2.0;2034.0;-6.0;-2.0;0.0
865830;-9.0;-14.0;2038.0;-7.0;1.0;1.0
865834;-12.0;-12.0;2042.0;-1.0;-1.0;-2.0
865837;-12.0;-1.0;2044.0;-5.0;-4.0;-2.0
865841;-7.0;-10.0;2046.0;-1.0;1.0;-5.0
865844;0.0;-3.0;2047.0;-2.0;-3.0;-3.0
865848;6.0;-4.0;2028.0;-4.0;-1.0;-7.0
865851;-7.0;5.0;2054.0;-6.0;-4.0;1.0
865855;-15.0;-2.0;2045.0;-5.0;1.0;0.0
865858;5.0;8.0;2043.0;-1.0;-3.0;-2.0
865862;6.0;4.0;2042.0;-4.0;-4.0;0.0
865865;-8.0;4.0;2037.0;0.0;-3.0;0.0
865869;-1.0;6.0;2058.0;1.0;2.0;-1.0
865872;8.0;-15.0;2043.0;2.0;-2.0;0.0
865876;-4.0;1.0;2042.0;5.0;4.0;0.0
865879;-10.0;8.0;2045.0;3.0;4.0;-2.0
865883;24.0;-6.0;2049.0;0.0;0.0;-3.0
865886;1.0;10.0;2042.0;2.0;-4.0;-3.0
865890;4.0;11.0;2048.0;-1.0;-1.0;-1.0
865893;6.0;6.0;2048.0;0.0;-1.0;-6.0
865897;-1.0;1.0;2045.0;-4.0;-1.0;2.0
865900;2.0;8.0;2040.0;-7.0;-4.0;0.0
865904;5.0;0.0;2039.0;-6.0;-4.0;-1.0
865907;-9.0;1.0;2049.0;-8.0;3.0;-6.0
865911;4.0;11.0;2044.0;-5.0;1.0;-1.0
865914;-4.0;-7.0;2035.0;-5.0;-3.0;0.0
865918;-1.0;6.0;2058.0;-5.0;2.0;-3.0
865921;4.0;2.0;2048.0;-4.0;-1.0;-4.0
865925;9.0;2.0;2046.0;-1.0;0.0;-4.0
865928;6.0;-6.0;2049.0;-3.0;1.0;-1.0
865932;0.0;3.0;2043.0;-2.0;-2.0;-3.0
865935;-4.0;-9.0;2042.0;-3.0;0.0;1.0
865939;9.0;4.0;2044.0;-3.0;-2.0;-2.0
865942;-9.0;-2.0;2047.0;-8.0;2.0;-4.0
865946;-6.0;8.0;2043.0;-4.0;-1.0;-2.0
865949;-7.0;2.0;2042.0;-2.0;1.0;-2.0
865953;-14.0;-3.0;2043.0;-2.0;-5.0;-4.0
865956;4.0;10.0;2045.0;-7.0;-2.0;-4.0
865960;-7.0;0.0;2047.0;-6.0;-3.0;0.0
865963;-1.0;-2.0;2056.0;-3.0;-2.0;-2.0
865967;13.0;3.0;2044.0;-4.0;1.0;-2.0
865970;-6.0;0.0;2031.0;-4.0;0.0;-2.0
865974;-1.0;-1.0;2053.0;-11.0;2.0;-1.0
865977;8.0;6.0;2062.0;-8.0;-3.0;-4.0
865981;3.0;-1.0;2044.0;-7.0;-5.0;-2.0
865984;-11.0;7.0;2045.0;-5.0;-2.0;-2.0
865988;2.0;-1.0;2054.0;-5.0;-4.0;0.0
865991;-5.0;2.0;2049.0;-8.0;-1.0;-1.0
865995;5.0;8.0;2055.0;-2.0;-3.0;0.0
865998;6.0;-5.0;2048.0;-1.0;-3.0;-1.0
866002;1.0;-4.0;2045.0;-5.0;-2.0;-1.0
866005;-3.0;1.0;2044.0;-1.0;3.0;0.0
866009;8.0;-3.0;2046.0;-4.0;0.0;-3.0
866012;-3.0;-10.0;2045.0;0.0;-4.0;-2.0
866016;1.0;0.0;2051.0;-2.0;-4.0;-3.0
866019;7.0;1.0;2047.0;-3.0;-2.0;-4.0
866023;0.0;-4.0;2042.0;-6.0;-6.0;-2.0
866026;9.0;1.0;2048.0;-4.0;-2.0;-1.0
866030;6.0;5.0;2043.0;-7.0;-3.0;-4.0
866033;12.0;2.0;2058.0;-4.0;2.0;1.0
866037;5.0;0.0;2036.0;0.0;0.0;-4.0
866040;7.0;-1.0;2043.0;-1.0;2.0;-3.0
866044;8.0;4.0;2061.0;1.0;-1.0;-3.0
866047;4.0;3.0;2041.0;-1.0;0.0;-1.0
866051;2.0;-4.0;2057.0;-2.0;4.0;-5.0
866054;11.0;2.0;2042.0;-2.0;0.0;0.0
866058;2.0;6.0;2047.0;0.0;1.0;-2.0
866061;4.0;-3.0;2044.0;-4.0;-2.0;0.0
866065;10.0;8.0;2049.0;-2.0;-1.0;-3.0
866068;11.0;-5.0;2043.0;-3.0;-2.0;-1.0
866072;2.0;1.0;2050.0;0.0;-2.0;-7.0
866075;9.0;4.0;2042.0;-3.0;-1.0;-3.0
866079;1.0;-8.0;2048.0;1.0;-3.0;1.0
866082;11.0;-14.0;2053.0;-3.0;-3.0;1.0
866086;1.0;-7.0;2032.0;-2.0;-2.0;0.0
866089;0.0;-12.0;2047.0;0.0;-4.0;-1.0
866093;2.0;-6.0;2051.0;-1.0;2.0;1.0
866096;6.0;-5.0;2052.0;-4.0;2.0;-10.0
866100;6.0;-10.0;2051.0;-1.0;0.0;0.0
866103;5.0;-6.0;2052.0;-3.0;0.0;-3.0
866107;-3.0;-6.0;2028.0;-5.0;1.0;-3.0
866110;4.0;-4.0;2051.0;-3.0;1.0;-5.0
866114;3.0;-1.0;2043.0;-5.0;2.0;-1.0
866117;2.0;11.0;2043.0;-6.0;2.0;-1.0
866121;11.0;-9.0;2041.0;-3.0;-4.0;0.0
866124;-3.0;11.0;2052.0;-2.0;2.0;-4.0
866128;-3.0;4.0;2045.0;-1.0;-1.0;1.0
866131;2.0;-3.0;2047.0;-4.0;6.0;2.0
866135;-4.0;-5.0;2037.0;-3.0;6.0;-2.0
866138;4.0;-5.0;2051.0;-4.0;1.0;0.0
866142;-2.0;-3.0;2046.0;3.0;3.0;-2.0
866145;-7.0;2.0;2038.0;1.0;-2.0;-2.0
866149;3.0;-8.0;2045.0;-3.0;0.0;-2.0
866152;-9.0;-9.0;2045.0;-2.0;2.0;0.0
866156;1.0;-7.0;2041.0;1.0;1.0;-4.0
866159;6.0;-2.0;2036.0;-2.0;0.0;3.0
866163;2.0;2.0;2038.0;2.0;1.0;1.0
866166;12.0;-3.0;2051.0;0.0;0.0;-1.0
866170;2.0;-7.0;2049.0;-3.0;-3.0;-2.0
866173;2.0;-3.0;2046.0;0.0;0.0;-3.0
866177;3.0;-4.0;2047.0;0.0;0.0;-1.0
866180;-6.0;9.0;2045.0;-1.0;0.0;-3.0
866184;-1.0;-7.0;2041.0;1.0;-1.0;-5.0
866187;7.0;4.0;2035.0;-2.0;5.0;-4.0
866191;4.0;-6.0;2041.0;-2.0;3.0;-2.0
866194;4.0;-4.0;2047.0;-3.0;-1.0;-3.0
866198;-9.0;0.0;2038.0;-5.0;0.0;0.0
866201;3.0;6.0;2050.0;1.0;0.0;-2.0
866205;3.0;-8.0;2044.0;1.0;-1.0;-2.0
866208;0.0;-1.0;2045.0;1.0;1.0;0.0
866212;-3.0;-6.0;2046.0;2.0;-1.0;-1.0
866215;-1.0;-6.0;2044.0;0.0;-1.0;-1.0
866219;-13.0;-6.0;2043.0;-3.0;3.0;-1.0
866222;12.0;0.0;2043.0;1.0;1.0;1.0
866226;-1.0;-9.0;2052.0;1.0;4.0;-5.0
866229;-3.0;15.0;2050.0;2.0;-2.0;-1.0
866233;9.0;-12.0;2038.0;2.0;1.0;-3.0
866236;-2.0;4.0;2046.0;-3.0;3.0;2.0
866240;12.0;-6.0;2039.0;-2.0;5.0;2.0
866243;1.0;-4.0;2050.0;0.0;-3.0;-5.0
866247;-4.0;11.0;2054.0;2.0;2.0;2.0
866250;11.0;-6.0;2042.0;2.0;1.0;-2.0
866254;0.0;1.0;2053.0;0.0;0.0;-5.0
866257;-5.0;-8.0;2043.0;0.0;1.0;1.0
866261;8.0;1.0;2059.0;-1.0;1.0;-3.0
866264;7.0;-1.0;2052.0;3.0;1.0;-2.0
866268;1.0;-4.0;2057.0;2.0;2.0;-8.0
866271;11.0;-2.0;2047.0;-3.0;2.0;-3.0
866275;1.0;-8.0;2049.0;0.0;3.0;-3.0
866278;5.0;1.0;2044.0;1.0;1.0;-2.0
866282;5.0;1.0;2044.0;1.0;0.0;-3.0
866285;-1.0;5.0;2045.0;-2.0;3.0;-2.0
866289;5.0;-1.0;2049.0;2.0;3.0;-3.0
866292;3.0;-12.0;2050.0;-2.0;1.0;-3.0
866296;11.0;12.0;2038.0;-3.0;2.0;-5.0
866299;1.0;-7.0;2042.0;1.0;1.0;-6.0
866303;-7.0;7.0;2056.0;1.0;5.0;-2.0
866306;4.0;-5.0;2051.0;3.0;6.0;-1.0
866310;4.0;8.0;2043.0;10.0;1.0;-1.0
866313;5.0;-4.0;2033.0;7.0;8.0;-1.0
866317;11.0;-2.0;2042.0;15.0;6.0;-1.0
866320;11.0;-10.0;2062.0;9.0;7.0;-2.0
866324;0.0;-4.0;2045.0;15.0;8.0;-3.0
866327;-4.0;-4.0;2054.0;13.0;7.0;0.0
866331;2.0;1.0;2048.0;20.0;10.0;-4.0
866334;-8.0;-6.0;2052.0;22.0;13.0;-3.0
866338;-3.0;-11.0;2039.0;21.0;10.0;-4.0
866341;-2.0;8.0;2034.0;17.0;8.0;-6.0
866345;4.0;1.0;2047.0;15.0;8.0;-4.0
866348;4.0;-1.0;2042.0;15.0;8.0;0.0
866352;6.0;-6.0;2033.0;16.0;8.0;-4.0
866355;-4.0;3.0;2039.0;12.0;3.0;-1.0
866359;1.0;-2.0;2050.0;8.0;4.0;0.0
866362;1.0;9.0;2048.0;8.0;5.0;-2.0
866366;-9.0;3.0;2046.0;5.0;4.0;0.0
866369;2.0;-4.0;2042.0;4.0;4.0;0.0
866373;-1.0;-3.0;2037.0;1.0;1.0;-2.0
866376;5.0;0.0;2035.0;3.0;6.0;-3.0
866380;8.0;0.0;2048.0;1.0;3.0;0.0
866383;3.0;0.0;2051.0;2.0;0.0;-2.0
866387;0.0;-1.0;2039.0;1.0;-1.0;0.0
866390;-5.0;3.0;2048.0;5.0;-1.0;0.0
866394;-1.0;0.0;2045.0;3.0;2.0;0.0
866397;-8.0;9.0;2048.0;5.0;3.0;-3.0
866401;4.0;2.0;2052.0;3.0;1.0;-3.0
866404;0.0;-7.0;2038.0;7.0;1.0;-5.0
866408;-7.0;5.0;2042.0;10.0;4.0;-3.0
866411;7.0;-9.0;2057.0;1.0;4.0;-5.0
866415;3.0;6.0;2054.0;9.0;0.0;-2.0
866418;11.0;-4.0;2045.0;12.0;1.0;-1.0
866422;5.0;-3.0;2046.0;10.0;6.0;-4.0
866425;11.0;-8.0;2041.0;16.0;5.0;-4.0
866429;2.0;-1.0;2058.0;14.0;4.0;-4.0
866432;13.0;31.0;2049.0;10.0;7.0;3.0
866436;-19.0;-39.0;2034.0;-8.0;1.0;-3.0
866439;-6.0;-9.0;2064.0;9.0;1.0;0.0
866443;-12.0;3.0;2045.0;21.0;5.0;2.0
866446;3.0;4.0;2034.0;19.0;6.0;-6.0
866450;5.0;17.0;2045.0;10.0;4.0;-2.0
866453;-2.0;21.0;2046.0;2.0;3.0;-3.0
866457;11.0;17.0;2046.0;1.0;3.0;-2.0
866460;-2.0;13.0;2045.0;-5.0;1.0;-1.0
866464;-16.0;9.0;2038.0;-13.0;2.0;-3.0
866467;1.0;5.0;2054.0;-10.0;-3.0;-6.0
866471;3.0;3.0;2058.0;-2.0;6.0;0.0
866474;-7.0;7.0;2047.0;-1.0;0.0;-2.0
866478;-1.0;1.0;2041.0;-4.0;0.0;-4.0
866481;11.0;0.0;2064.0;-2.0;-1.0;-3.0
866485;2.0;7.0;2049.0;-1.0;1.0;-5.0
866488;-3.0;8.0;2043.0;-1.0;1.0;-3.0
866492;14.0;-1.0;2044.0;1.0;0.0;-5.0
866495;3.0;3.0;2041.0;1.0;0.0;1.0
866499;-2.0;4.0;2050.0;-3.0;1.0;-1.0
866502;-5.0;6.0;2051.0;-2.0;0.0;-1.0
866506;4.0;-6.0;2044.0;-3.0;0.0;-1.0
866509;4.0;3.0;2038.0;0.0;2.0;-5.0
866856;-186.0;-48.0;2025.0;-19.0;-2.0;97.0
866859;-194.0;-4.0;2043.0;-22.0;0.0;113.0
866863;-231.0;-39.0;2038.0;-28.0;-4.0;136.0
866866;-198.0;-39.0;2048.0;-22.0;-2.0;152.0
866870;-160.0;-56.0;2043.0;-25.0;-5.0;170.0
866873;-92.0;-64.0;2040.0;-21.0;-4.0;183.0
866877;-61.0;-50.0;2045.0;-23.0;-3.0;189.0
866880;-29.0;-46.0;2044.0;-23.0;0.0;193.0
866884;-35.0;-47.0;2052.0;-27.0;-5.0;198.0
866887;-29.0;-20.0;2056.0;-20.0;-7.0;211.0
866891;-58.0;-11.0;2037.0;-20.0;-4.0;221.0
866894;-67.0;11.0;2054.0;-28.0;-6.0;234.0
866898;-66.0;31.0;2043.0;-29.0;-3.0;233.0
866901;-67.0;18.0;2043.0;-23.0;-2.0;239.0
866905;-211.0;77.0;1984.0;-17.0;7.0;244.0
866908;-200.0;3.0;2096.0;-31.0;-4.0;248.0
866912;-231.0;-3.0;2012.0;-23.0;-1.0;274.0
866915;-290.0;-7.0;2012.0;-22.0;4.0;303.0
866919;-324.0;0.0;2046.0;-9.0;0.0;325.0
866922;-353.0;22.0;2044.0;-1.0;6.0;348.0
866926;-351.0;28.0;2035.0;-7.0;5.0;362.0
866929;-301.0;65.0;2043.0;-4.0;9.0;372.0
866933;-263.0;98.0;2035.0;-7.0;2.0;357.0
866936;-226.0;135.0;2038.0;-4.0;5.0;336.0
866940;-170.0;166.0;2054.0;-15.0;-1.0;310.0
866943;-205.0;124.0;2054.0;-6.0;3.0;282.0
866947;-197.0;123.0;2038.0;-5.0;5.0;252.0
866950;-207.0;99.0;2048.0;-4.0;4.0;238.0
866954;-173.0;99.0;2065.0;-15.0;3.0;223.0
866957;-87.0;65.0;2034.0;-28.0;-3.0;211.0
866961;-107.0;123.0;2046.0;-34.0;1.0;195.0
866964;-85.0;11.0;2051.0;-36.0;-3.0;180.0
866968;-104.0;-12.0;2052.0;-25.0;-7.0;188.0
866971;-153.0;20.0;2045.0;-26.0;0.0;204.0
866975;-149.0;0.0;2047.0;-22.0;1.0;213.0
866978;-104.0;-27.0;2063.0;-15.0;2.0;220.0
866982;-71.0;-1.0;2046.0;-12.0;-3.0;236.0
866985;-5.0;55.0;2047.0;-16.0;-2.0;227.0
866989;48.0;92.0;2054.0;-23.0;-4.0;202.0
866992;54.0;120.0;2056.0;-17.0;-1.0;160.0
866996;91.0;95.0;2055.0;-24.0;-2.0;129.0
866999;67.0;109.0;2051.0;-26.0;-5.0;114.0
867003;15.0;98.0;2047.0;-29.0;0.0;89.0
867006;-89.0;129.0;2027.0;-21.0;2.0;82.0
867010;-126.0;102.0;2010.0;3.0;4.0;65.0
867013;-145.0;96.0;2043.0;20.0;2.0;45.0
867017;-122.0;67.0;2073.0;19.0;4.0;14.0
867020;-110.0;70.0;2059.0;-4.0;-2.0;12.0
867024;-74.0;-6.0;2035.0;0.0;2.0;1.0
867027;-79.0;53.0;2016.0;-4.0;0.0;13.0
867031;-57.0;21.0;2097.0;2.0;0.0;-15.0
867034;3.0;-72.0;2042.0;-10.0;-1.0;1.0
867038;8.0;-39.0;2026.0;2.0;-3.0;17.0
867041;-54.0;100.0;2043.0;6.0;2.0;-19.0
867045;40.0;-148.0;2029.0;-5.0;0.0;-14.0
867048;-36.0;-78.0;2054.0;24.0;10.0;15.0
867052;-67.0;-54.0;2067.0;31.0;11.0;22.0
867055;-56.0;-2.0;2051.0;31.0;11.0;23.0
867059;-34.0;46.0;2066.0;36.0;10.0;-2.0
867062;15.0;25.0;2053.0;38.0;13.0;-37.0
867066;108.0;56.0;2076.0;16.0;9.0;-87.0
867069;201.0;-8.0;2052.0;8.0;5.0;-125.0
867073;249.0;-14.0;2028.0;8.0;1.0;-133.0
867076;367.0;-34.0;2036.0;3.0;3.0;-139.0
867080;451.0;-56.0;2046.0;-3.0;2.0;-137.0
867083;496.0;-80.0;2054.0;-24.0;-8.0;-125.0
867087;515.0;-118.0;2060.0;-18.0;0.0;-100.0
867090;536.0;-113.0;2056.0;-24.0;-5.0;-78.0
867094;530.0;-91.0;2055.0;-27.0;-4.0;-62.0
867097;474.0;-99.0;2025.0;-18.0;0.0;-59.0
867101;504.0;-75.0;2044.0;-22.0;-2.0;-55.0
867104;479.0;-57.0;2042.0;-22.0;-4.0;-67.0
867108;482.0;-10.0;2048.0;-27.0;1.0;-81.0
867111;454.0;-13.0;2043.0;-37.0;-3.0;-97.0
867115;449.0;-24.0;2044.0;-38.0;-4.0;-119.0
867118;423.0;-86.0;2058.0;-46.0;-7.0;-140.0
867122;346.0;-80.0;2054.0;-50.0;-6.0;-156.0
867125;281.0;-115.0;2050.0;-50.0;-7.0;-178.0
867129;235.0;-144.0;2036.0;-46.0;-5.0;-193.0
867132;185.0;-160.0;2040.0;-39.0;-5.0;-199.0
867136;154.0;-127.0;2037.0;-34.0;-3.0;-209.0
867139;143.0;-184.0;2054.0;-32.0;-4.0;-219.0
867143;135.0;-271.0;2044.0;-40.0;-9.0;-213.0
867146;101.0;-354.0;2038.0;-40.0;-14.0;-154.0
867150;71.0;-297.0;2053.0;-38.0;-12.0;-89.0
867153;35.0;-219.0;2050.0;-29.0;-9.0;-25.0
867157;3.0;-24.0;2030.0;-9.0;-1.0;-4.0
867160;0.0;-13.0;2043.0;-9.0;-4.0;0.0
867164;-5.0;-22.0;2040.0;-12.0;-7.0;-2.0
867167;32.0;-27.0;2041.0;-6.0;-5.0;-3.0
867171;198.0;-19.0;2025.0;1.0;-7.0;3.0
867174;523.0;18.0;2053.0;6.0;-7.0;8.0
867178;535.0;-2.0;2067.0;5.0;-5.0;4.0
867181;418.0;-43.0;2056.0;-15.0;-10.0;-4.0
867185;323.0;-109.0;2022.0;-24.0;-9.0;-6.0
867188;230.0;-133.0;2042.0;-15.0;-7.0;9.0
867192;156.0;-94.0;2033.0;-6.0;-9.0;12.0
867195;93.0;-127.0;2026.0;12.0;-8.0;-1.0
867199;100.0;-111.0;2060.0;26.0;-6.0;-10.0
867202;76.0;-129.0;2036.0;30.0;-7.0;-10.0
867206;78.0;-126.0;2026.0;31.0;-5.0;-5.0
867209;86.0;-90.0;2033.0;31.0;-8.0;4.0
867213;113.0;-92.0;2052.0;29.0;-13.0;5.0
867216;175.0;-96.0;2046.0;26.0;-14.0;10.0
867220;230.0;-110.0;2049.0;28.0;-19.0;23.0
867223;210.0;-89.0;2031.0;35.0;-22.0;28.0
867227;314.0;-75.0;2032.0;47.0;-26.0;31.0
867230;344.0;-49.0;2047.0;53.0;-35.0;29.0
867234;433.0;21.0;2061.0;54.0;-44.0;12.0
867237;712.0;213.0;2117.0;15.0;-43.0;-46.0
867241;852.0;109.0;2039.0;-39.0;-14.0;-157.0
867244;893.0;91.0;2050.0;-27.0;-4.0;-249.0
867248;870.0;44.0;2064.0;-14.0;6.0;-319.0
867251;841.0;36.0;2077.0;-8.0;21.0;-365.0
867255;742.0;-22.0;2027.0;-10.0;31.0;-397.0
867258;698.0;-30.0;2028.0;-5.0;22.0;-426.0
867262;674.0;42.0;2019.0;-13.0;22.0;-453.0
867265;709.0;-16.0;2078.0;-29.0;13.0;-497.0
867269;735.0;-15.0;2061.0;-56.0;1.0;-536.0
867272;762.0;26.0;2056.0;-53.0;2.0;-563.0
867276;710.0;-22.0;2014.0;-47.0;5.0;-567.0
867279;674.0;39.0;2049.0;-13.0;0.0;-540.0
867283;579.0;139.0;2032.0;8.0;-1.0;-508.0
867286;473.0;178.0;2046.0;10.0;2.0;-487.0
867290;411.0;142.0;2025.0;9.0;5.0;-449.0
867293;321.0;16.0;2102.0;-4.0;-3.0;-376.0
867297;154.0;113.0;2034.0;33.0;-3.0;-261.0
867300;51.0;43.0;2053.0;19.0;5.0;-200.0
867304;-106.0;-33.0;2057.0;11.0;2.0;-136.0
867307;-203.0;-61.0;2029.0;1.0;-3.0;-107.0
867311;-216.0;-221.0;1994.0;-13.0;-2.0;-74.0
867314;-367.0;-233.0;2018.0;-6.0;0.0;-29.0
867318;-279.0;-254.0;2027.0;-2.0;-6.0;-15.0
867321;-285.0;-118.0;2090.0;15.0;-3.0;-67.0
867325;-257.0;-276.0;2039.0;-18.0;-1.0;-163.0
867328;-192.0;-303.0;2064.0;-5.0;-4.0;-200.0
867332;-185.0;-288.0;2082.0;4.0;-1.0;-222.0
867335;-39.0;-262.0;2095.0;5.0;3.0;-228.0
867339;84.0;-198.0;2049.0;5.0;1.0;-220.0
867342;145.0;-121.0;2009.0;0.0;7.0;-208.0
867346;218.0;-64.0;2048.0;2.0;4.0;-185.0
867349;323.0;-9.0;2038.0;-3.0;3.0;-157.0
867353;226.0;97.0;2104.0;3.0;2.0;-111.0
867356;40.0;244.0;2122.0;31.0;-8.0;-184.0
867360;14.0;-45.0;1994.0;-66.0;-15.0;-250.0
867363;-32.0;-139.0;2029.0;-87.0;-15.0;-241.0
867367;-14.0;-40.0;2072.0;-49.0;-22.0;-214.0
867370;-28.0;63.0;2022.0;-40.0;-9.0;-202.0
867374;-25.0;210.0;2031.0;-33.0;-7.0;-221.0
867377;-34.0;259.0;2052.0;-25.0;-11.0;-255.0
867381;-62.0;199.0;2014.0;-33.0;-11.0;-296.0
867384;-107.0;147.0;2055.0;-32.0;-12.0;-336.0
867388;-200.0;44.0;2035.0;-30.0;-9.0;-368.0
867391;-281.0;-14.0;2016.0;-10.0;-2.0;-386.0
867395;-313.0;-22.0;1992.0;0.0;-3.0;-392.0
867398;-322.0;9.0;2027.0;15.0;0.0;-409.0
867402;-342.0;2.0;2012.0;11.0;3.0;-439.0
867405;-387.0;-7.0;2042.0;14.0;7.0;-472.0
867409;-424.0;-74.0;2033.0;12.0;8.0;-491.0
867412;-362.0;-105.0;2068.0;18.0;-3.0;-495.0
867416;-417.0;-130.0;2054.0;14.0;2.0;-483.0
867419;-420.0;-166.0;2057.0;0.0;3.0;-448.0
867423;-435.0;-206.0;2078.0;4.0;1.0;-393.0
867426;-416.0;-206.0;2052.0;11.0;2.0;-324.0
867430;-476.0;-187.0;2065.0;14.0;7.0;-261.0
867433;-475.0;-193.0;2076.0;16.0;13.0;-200.0
867437;-528.0;-201.0;2051.0;20.0;10.0;-152.0
867440;-572.0;-177.0;2062.0;12.0;11.0;-108.0
867444;-649.0;-159.0;2089.0;13.0;8.0;-68.0
867447;-671.0;-162.0;2049.0;2.0;8.0;-30.0
867451;-723.0;-138.0;2041.0;10.0;7.0;22.0
867454;-709.0;-125.0;2047.0;-4.0;0.0;58.0
867458;-698.0;-103.0;2019.0;-24.0;-2.0;91.0
867461;-636.0;-92.0;2042.0;-28.0;-3.0;131.0
867465;-507.0;-7.0;2064.0;-35.0;-11.0;164.0
867468;-456.0;4.0;2046.0;-32.0;-3.0;191.0
867472;-380.0;61.0;2035.0;-27.0;0.0;210.0
867475;-367.0;100.0;2041.0;-15.0;4.0;216.0
867479;-410.0;250.0;2037.0;-5.0;9.0;202.0
867482;-466.0;293.0;2047.0;6.0;5.0;148.0
867486;-492.0;317.0;2041.0;7.0;4.0;90.0
867489;-483.0;382.0;2046.0;6.0;2.0;25.0
867493;-396.0;336.0;2046.0;4.0;-1.0;-36.0
867496;-281.0;261.0;2055.0;0.0;0.0;-75.0
867500;9.0;5.0;2085.0;-21.0;-2.0;-59.0
867503;10.0;-37.0;2044.0;-38.0;-1.0;-26.0
867507;7.0;-27.0;2049.0;-24.0;-4.0;-13.0
867510;7.0;-12.0;2046.0;-16.0;1.0;-13.0
867514;3.0;-9.0;2051.0;-12.0;3.0;-6.0
867517;-19.0;-13.0;2064.0;-11.0;3.0;-14.0
867521;-44.0;13.0;2044.0;-12.0;7.0;-15.0
867524;-166.0;52.0;2041.0;-17.0;3.0;-31.0
867528;-471.0;97.0;2030.0;195;0;0
867531;-715.0;57.0;2038.0;-34.0;-5.0;-130.0
867535;-773.0;-10.0;2034.0;-27.0;-7.0;-135.0
867538;-858.0;-74.0;2033.0;-24.0;-10.0;-101.0
867542;-836.0;-131.0;2041.0;-28.0;-7.0;-38.0
867545;-787.0;-140.0;2063.0;-35.0;-9.0;33.0
867549;-663.0;-114.0;2055.0;-48.0;-11.0;81.0
867552;-629.0;-93.0;2056.0;-49.0;-10.0;117.0
867556;-610.0;-150.0;2037.0;-42.0;-2.0;123.0
867559;-547.0;-150.0;2033.0;-29.0;-1.0;137.0
867563;-556.0;-130.0;2038.0;-14.0;4.0;158.0
867566;-441.0;-152.0;2064.0;-15.0;-3.0;179.0
867570;-507.0;-88.0;2050.0;-20.0;1.0;216.0
867573;-460.0;-130.0;2033.0;-14.0;4.0;241.0
867577;-463.0;-107.0;2074.0;-16.0;1.0;269.0
867580;-479.0;-94.0;2032.0;4.0;6.0;290.0
867584;-507.0;24.0;2055.0;6.0;10.0;306.0
867587;-500.0;-40.0;2042.0;-6.0;8.0;316.0
867591;-501.0;17.0;2046.0;10.0;9.0;335.0
867594;-196.0;-148.0;2127.0;5.0;10.0;345.0
867598;-640.0;-255.0;2217.0;-56.0;-66.0;575.0
867601;-568.0;42.0;1899.0;-74.0;-9.0;379.0
867605;-546.0;-115.0;2095.0;-66.0;-6.0;235.0
867608;-532.0;-192.0;1975.0;-19.0;-3.0;199.0
867612;-495.0;-104.0;2050.0;36.0;6.0;198.0
867615;-441.0;-26.0;2070.0;23.0;8.0;190.0
867619;-359.0;-9.0;2020.0;0.0;9.0;172.0
867622;-262.0;-23.0;2026.0;-9.0;5.0;177.0
867626;-195.0;-49.0;2006.0;6.0;13.0;191.0
867629;-77.0;13.0;2058.0;23.0;14.0;200.0
867633;-75.0;-94.0;2002.0;11.0;15.0;235.0
867636;-113.0;17.0;2019.0;12.0;16.0;302.0
867640;-140.0;88.0;2042.0;34.0;18.0;337.0
867643;-227.0;121.0;2068.0;28.0;12.0;362.0
867647;-281.0;191.0;2060.0;-9.0;7.0;369.0
867650;-369.0;184.0;2036.0;-11.0;9.0;338.0
867654;-377.0;189.0;2056.0;-4.0;1.0;295.0
867657;-415.0;132.0;2064.0;-3.0;2.0;261.0
867661;-353.0;128.0;2009.0;10.0;7.0;211.0
867664;-379.0;172.0;2021.0;10.0;2.0;156.0
867668;-309.0;157.0;2061.0;3.0;-5.0;73.0
867671;-221.0;118.0;2034.0;-24.0;-12.0;-10.0
867675;-89.0;114.0;2012.0;-14.0;-9.0;-95.0
867678;68.0;38.0;2101.0;-5.0;-10.0;-163.0
867682;152.0;-37.0;2085.0;0.0;-5.0;-174.0
867685;140.0;-123.0;1995.0;5.0;6.0;-138.0
867689;203.0;-190.0;2117.0;48.0;10.0;-102.0
867692;279.0;-63.0;2010.0;67.0;9.0;-45.0
867696;122.0;50.0;2124.0;50.0;12.0;-7.0
867699;314.0;36.0;2062.0;-15.0;0.0;2.0
867703;357.0;-35.0;2014.0;-8.0;8.0;11.0
867706;440.0;-116.0;2072.0;9.0;7.0;31.0
867710;419.0;-178.0;2022.0;-10.0;1.0;83.0
867713;446.0;-115.0;2038.0;3.0;7.0;137.0
867717;366.0;-67.0;2043.0;25.0;7.0;181.0
867720;329.0;-87.0;2055.0;20.0;6.0;234.0
867724;315.0;-22.0;2050.0;8.0;8.0;262.0
867727;285.0;32.0;2068.0;14.0;6.0;270.0
867731;263.0;0.0;2056.0;18.0;13.0;253.0
867734;246.0;59.0;2068.0;9.0;8.0;243.0
867738;192.0;-45.0;2024.0;4.0;10.0;205.0
867741;208.0;9.0;2075.0;19.0;11.0;176.0
867745;186.0;13.0;2078.0;11.0;7.0;117.0
867748;188.0;-28.0;2097.0;-15.0;5.0;71.0
867752;183.0;-51.0;1975.0;-27.0;3.0;35.0
867755;280.0;-119.0;2058.0;-8.0;1.0;3.0
867759;379.0;-139.0;2110.0;24.0;0.0;13.0
867762;363.0;-172.0;2035.0;19.0;17.0;81.0
867766;389.0;-103.0;2056.0;24.0;15.0;144.0
867769;417.0;-38.0;2035.0;10.0;14.0;182.0
867773;441.0;-20.0;2050.0;9.0;6.0;221.0
867776;418.0;-84.0;2036.0;4.0;7.0;241.0
867780;475.0;-101.0;2055.0;6.0;6.0;282.0
867783;508.0;-150.0;2052.0;-5.0;4.0;326.0
867787;595.0;-169.0;2058.0;-7.0;1.0;368.0
867790;597.0;-163.0;2047.0;8.0;6.0;388.0
867794;621.0;-204.0;2058.0;2.0;1.0;426.0
867797;663.0;-151.0;2018.0;6.0;7.0;474.0
867801;716.0;-68.0;2038.0;-9.0;3.0;519.0
867804;714.0;125.0;2050.0;4.0;7.0;531.0
867808;605.0;281.0;2050.0;12.0;9.0;478.0
867811;508.0;264.0;2039.0;16.0;10.0;383.0
867815;422.0;162.0;2049.0;3.0;5.0;290.0
867818;351.0;60.0;2032.0;-3.0;-2.0;230.0
867822;360.0;62.0;2049.0;-7.0;-4.0;187.0
867825;296.0;42.0;2048.0;-12.0;-3.0;141.0
867829;296.0;36.0;2054.0;-7.0;-2.0;77.0
867832;235.0;5.0;2055.0;-8.0;1.0;31.0
867836;243.0;-21.0;2059.0;-9.0;0.0;-7.0
867839;187.0;-4.0;2052.0;-5.0;3.0;-43.0
867843;175.0;-26.0;2042.0;5.0;1.0;-75.0
867846;199.0;-49.0;2022.0;9.0;4.0;-109.0
867850;295.0;-87.0;2035.0;12.0;3.0;-141.0
867853;369.0;-91.0;2045.0;12.0;3.0;-145.0
867857;432.0;-149.0;2037.0;9.0;3.0;-149.0
867860;515.0;-178.0;2019.0;12.0;5.0;-134.0
867864;553.0;-252.0;2053.0;13.0;2.0;-89.0
867867;349.0;-276.0;2058.0;-7.0;4.0;-30.0
867871;5.0;-17.0;2028.0;3.0;3.0;-4.0
867874;6.0;-9.0;2049.0;-6.0;-4.0;0.0
867878;6.0;-13.0;2035.0;-14.0;-6.0;2.0
867881;15.0;-20.0;2050.0;-22.0;-5.0;0.0
867885;13.0;-25.0;2031.0;-18.0;-8.0;4.0
867888;14.0;-23.0;2047.0;-16.0;-10.0;3.0
867892;41.0;-48.0;2039.0;-17.0;-11.0;6.0
867895;234.0;-141.0;2042.0;-16.0;-11.0;16.0
867899;590.0;-276.0;2074.0;-30.0;-16.0;60.0
867902;679.0;-328.0;2072.0;-51.0;-13.0;120.0
867906;656.0;-259.0;2032.0;-39.0;-11.0;162.0
867909;592.0;-173.0;2050.0;-15.0;-5.0;173.0
867913;447.0;-29.0;2038.0;-2.0;-3.0;149.0
867916;383.0;-14.0;2044.0;-5.0;-10.0;111.0
867920;358.0;-34.0;2031.0;-22.0;-9.0;97.0
867923;255.0;-46.0;2040.0;-25.0;-12.0;80.0
867927;249.0;-37.0;2045.0;-29.0;-17.0;77.0
867930;165.0;49.0;2050.0;-29.0;-21.0;85.0
867934;71.0;131.0;2054.0;-43.0;-22.0;73.0
867937;97.0;184.0;2050.0;-52.0;-30.0;35.0
867941;179.0;227.0;2053.0;-62.0;-20.0;-28.0
867944;294.0;176.0;2044.0;-57.0;-20.0;-128.0
867948;393.0;68.0;2024.0;-44.0;-17.0;-242.0
867951;431.0;-63.0;2030.0;-32.0;-13.0;-322.0
867955;0;128;234;0;200;193
867958;485.0;-96.0;2033.0;-12.0;-12.0;-368.0
867962;510.0;-74.0;2053.0;-10.0;-9.0;-385.0
867965;549.0;-92.0;2046.0;-14.0;-13.0;-393.0
867969;553.0;-82.0;2047.0;-10.0;-5.0;-393.0
867972;577.0;-36.0;2069.0;-4.0;-8.0;-385.0
867976;568.0;-9.0;2064.0;-3.0;-4.0;-390.0
867979;586.0;-8.0;2051.0;-20.0;-7.0;-401.0
867983;635.0;-35.0;2036.0;-30.0;-13.0;-393.0
867986;703.0;-33.0;2020.0;-20.0;-12.0;-391.0
867990;751.0;-31.0;2058.0;-17.0;-17.0;-390.0
867993;766.0;-124.0;2075.0;-41.0;-13.0;-377.0
867997;751.0;-129.0;2030.0;-46.0;-11.0;-321.0
868000;743.0;-85.0;2044.0;-24.0;-13.0;-256.0
868004;0;128;60;0;0;152
868007;704.0;-105.0;2055.0;-25.0;-10.0;-107.0
868011;628.0;-89.0;2014.0;-14.0;-11.0;-10.0
868014;614.0;59.0;2056.0;15.0;-11.0;79.0
868018;473.0;222.0;2040.0;7.0;-9.0;131.0
868021;409.0;233.0;2032.0;-6.0;-13.0;149.0
868025;296.0;231.0;2031.0;-19.0;-19.0;179.0
868028;202.0;179.0;2098.0;-23.0;-19.0;192.0
868032;64.0;59.0;2063.0;-28.0;-23.0;213.0
868035;-29.0;35.0;2032.0;-41.0;-20.0;259.0
868039;-86.0;41.0;2050.0;-41.0;-11.0;291.0
868042;-224.0;1.0;1981.0;-15.0;-2.0;320.0
868046;-218.0;-22.0;2053.0;-25.0;1.0;310.0
868049;-308.0;-145.0;1890.0;-14.0;11.0;332.0
868053;-332.0;6.0;2060.0;1.0;7.0;332.0
868056;-364.0;-127.0;1923.0;23.0;21.0;325.0
868060;-464.0;-26.0;2036.0;15.0;12.0;327.0
868063;-541.0;4.0;1941.0;-3.0;11.0;279.0
868067;-500.0;4.0;2048.0;-3.0;1.0;174.0
868070;-414.0;-157.0;2023.0;22.0;14.0;55.0
868074;-418.0;-106.0;2075.0;28.0;9.0;-16.0
868077;-490.0;-59.0;2073.0;17.0;8.0;-102.0
868081;-555.0;32.0;1997.0;18.0;8.0;-192.0
868084;-621.0;31.0;2034.0;33.0;10.0;-307.0
868469;79.0;-77.0;2042.0;7.0;-1.0;-67.0
868473;71.0;-60.0;2041.0;5.0;1.0;-49.0
868476;71.0;-50.0;2033.0;10.0;5.0;-37.0
868480;75.0;-46.0;2043.0;5.0;2.0;-19.0
868483;24.0;-27.0;2064.0;-2.0;4.0;-5.0
868487;5.0;-1.0;2065.0;7.0;1.0;0.0
868490;-1.0;2.0;2056.0;4.0;3.0;0.0
868494;-2.0;2.0;2044.0;7.0;4.0;-1.0
868497;2.0;-3.0;2045.0;4.0;3.0;0.0
868501;2.0;10.0;2045.0;2.0;-1.0;-1.0
868504;-2.0;1.0;2035.0;-2.0;1.0;-4.0
868508;6.0;-9.0;2049.0;1.0;4.0;-1.0
868511;-7.0;-17.0;2050.0;1.0;3.0;-2.0
868515;7.0;-9.0;2050.0;5.0;3.0;-2.0
868518;7.0;-4.0;2051.0;8.0;3.0;-1.0
868522;-8.0;-4.0;2037.0;4.0;3.0;-4.0
868525;9.0;-10.0;2045.0;7.0;1.0;-4.0
868529;9.0;-1.0;2050.0;4.0;1.0;-2.0
868532;-12.0;0.0;2045.0;1.0;2.0;-3.0
868536;-2.0;-9.0;2041.0;4.0;2.0;-1.0
868539;-5.0;-4.0;2044.0;1.0;1.0;0.0
868543;4.0;4.0;2048.0;1.0;2.0;-1.0
868546;3.0;-8.0;2045.0;2.0;4.0;-2.0
868550;4.0;-7.0;2041.0;-2.0;-2.0;-2.0
868553;3.0;0.0;2046.0;4.0;2.0;-1.0
868557;-4.0;-9.0;2041.0;-2.0;4.0;-5.0
868560;1.0;-5.0;2041.0;3.0;0.0;-3.0
868564;7.0;-3.0;2050.0;1.0;1.0;-3.0
868567;1.0;-6.0;2037.0;-2.0;4.0;-2.0
868571;3.0;-10.0;2050.0;1.0;5.0;-4.0
868574;-4.0;-6.0;2051.0;0.0;2.0;-2.0
868578;7.0;4.0;2041.0;-1.0;0.0;-5.0
868581;0.0;-5.0;2039.0;2.0;-2.0;-3.0
868585;7.0;-5.0;2059.0;-1.0;2.0;-4.0
868588;0.0;-4.0;2035.0;2.0;-1.0;-1.0
868592;-8.0;4.0;2048.0;-2.0;2.0;-3.0
868595;-8.0;-2.0;2042.0;-1.0;0.0;-6.0
868599;-10.0;0.0;2043.0;3.0;0.0;-1.0
868602;11.0;7.0;2044.0;4.0;4.0;0.0
868606;3.0;-7.0;2051.0;0.0;4.0;1.0
868609;3.0;-9.0;2052.0;2.0;-2.0;-3.0
868613;1.0;9.0;2047.0;-2.0;4.0;-2.0
868616;8.0;-2.0;2045.0;-1.0;2.0;0.0
868620;3.0;-20.0;2048.0;2.0;1.0;-5.0
868623;0.0;-9.0;2043.0;1.0;-1.0;-2.0
868627;-8.0;-1.0;2043.0;-4.0;3.0;0.0
868630;6.0;-13.0;2044.0;2.0;2.0;-4.0
868634;-1.0;-1.0;2046.0;3.0;-3.0;-3.0
868637;-8.0;-3.0;2047.0;2.0;3.0;4.0
868641;3.0;-7.0;2037.0;2.0;0.0;-4.0
868644;-4.0;2.0;2047.0;-4.0;-1.0;-1.0
868648;-14.0;-6.0;2055.0;1.0;4.0;-1.0
868651;6.0;-4.0;2046.0;4.0;0.0;-2.0
868655;5.0;0.0;2042.0;1.0;4.0;-4.0
868658;11.0;0.0;2049.0;0.0;1.0;-5.0
868662;-13.0;3.0;2043.0;-6.0;0.0;-2.0
868665;-5.0;0.0;2045.0;-2.0;-2.0;-5.0
868669;10.0;0.0;2045.0;-2.0;0.0;-3.0
868672;2.0;-18.0;2051.0;0.0;2.0;-5.0
868676;5.0;-1.0;2046.0;-6.0;3.0;-2.0
868679;12.0;0.0;2043.0;1.0;0.0;-4.0
868683;7.0;7.0;2062.0;-1.0;1.0;-7.0
868686;8.0;-6.0;2044.0;-5.0;2.0;-2.0
868690;4.0;-4.0;2045.0;2.0;0.0;-5.0
868693;-3.0;-16.0;2040.0;2.0;1.0;-5.0
868697;9.0;-12.0;2048.0;-1.0;-3.0;1.0
868700;-4.0;-5.0;2048.0;3.0;0.0;-6.0
868704;-5.0;-4.0;2036.0;-2.0;2.0;-4.0
868707;-11.0;5.0;2048.0;2.0;4.0;-5.0
868711;5.0;7.0;2052.0;-4.0;1.0;0.0
868714;2.0;-5.0;2050.0;4.0;3.0;-5.0
868718;5.0;-6.0;2044.0;5.0;6.0;-1.0
868721;-1.0;-1.0;2043.0;-2.0;2.0;-4.0
868725;13.0;3.0;2046.0;-3.0;4.0;1.0
868728;7.0;-7.0;2040.0;4.0;2.0;-1.0
868732;-3.0;6.0;2053.0;3.0;2.0;2.0
868735;2.0;8.0;2043.0;1.0;1.0;0.0
868739;12.0;-7.0;2043.0;3.0;4.0;-1.0
868742;9.0;6.0;2044.0;0.0;-1.0;-2.0
868746;-5.0;-3.0;2042.0;0.0;-2.0;-1.0
868749;4.0;4.0;2037.0;-2.0;-1.0;-2.0
868753;3.0;-4.0;2041.0;-3.0;-1.0;-2.0
868756;12.0;3.0;2051.0;1.0;1.0;-1.0
868760;-1.0;-13.0;2042.0;-4.0;0.0;-2.0
868763;1.0;-4.0;2045.0;-2.0;2.0;2.0
868767;-17.0;-11.0;2039.0;4.0;1.0;-2.0
868770;3.0;-4.0;2049.0;1.0;0.0;-3.0
868774;-7.0;0.0;2052.0;1.0;4.0;-3.0
868777;-8.0;-7.0;2042.0;2.0;0.0;-1.0
868781;7.0;-7.0;2042.0;0.0;1.0;-2.0
868784;12.0;7.0;2045.0;1.0;0.0;1.0
868788;-15.0;-13.0;2046.0;2.0;0.0;-1.0
868791;8.0;-1.0;2045.0;0.0;1.0;-5.0
868795;-8.0;-4.0;2056.0;-2.0;0.0;1.0
868798;4.0;-5.0;2042.0;3.0;-3.0;-5.0
868802;-7.0;-11.0;2046.0;1.0;1.0;-4.0
868805;0.0;-16.0;2043.0;-1.0;-1.0;0.0
868809;-4.0;-14.0;2049.0;-1.0;-1.0;-2.0
868812;5.0;-5.0;2050.0;-1.0;-3.0;-7.0
868816;-4.0;0.0;2046.0;3.0;1.0;2.0
868819;-1.0;-3.0;2047.0;3.0;4.0;1.0
868823;-5.0;-7.0;2047.0;1.0;0.0;1.0
868826;8.0;-6.0;2049.0;1.0;1.0;-3.0
868830;1.0;-1.0;2045.0;-1.0;1.0;-2.0
868833;0.0;-12.0;2045.0;-3.0;-1.0;-3.0
868837;4.0;0.0;2046.0;0.0;0.0;-3.0
868840;1.0;-7.0;2047.0;2.0;4.0;-2.0
868844;6.0;-2.0;2048.0;2.0;0.0;-1.0
868847;-5.0;-11.0;2048.0;0.0;-3.0;-1.0
868851;-2.0;-1.0;2050.0;1.0;2.0;-1.0
868854;2.0;4.0;2050.0;0.0;3.0;-5.0
868858;-3.0;-3.0;2050.0;4.0;2.0;0.0
868861;2.0;3.0;2037.0;-1.0;1.0;-4.0
868865;10.0;9.0;2048.0;-3.0;3.0;-1.0
868868;6.0;-1.0;2038.0;-2.0;-2.0;-7.0
868872;2.0;-11.0;2044.0;-1.0;2.0;0.0
868875;-3.0;-3.0;2040.0;0.0;2.0;-1.0
868879;7.0;-7.0;2052.0;6.0;4.0;-2.0
868882;3.0;6.0;2042.0;1.0;0.0;1.0
868886;4.0;14.0;2039.0;2.0;1.0;-2.0
868889;-3.0;5.0;2047.0;2.0;1.0;-1.0
868893;6.0;2.0;2050.0;0.0;4.0;-2.0
868896;-1.0;-5.0;2041.0;1.0;0.0;3.0
868900;-1.0;-4.0;2050.0;-2.0;2.0;-1.0
868903;3.0;-6.0;2043.0;-2.0;1.0;-3.0
868907;-6.0;3.0;2047.0;1.0;2.0;-2.0
868910;-5.0;-3.0;2049.0;1.0;1.0;-5.0
868914;8.0;12.0;2040.0;-2.0;4.0;0.0
868917;-6.0;-1.0;2042.0;-1.0;2.0;-2.0
868921;7.0;-7.0;2053.0;-5.0;0.0;-5.0
868924;9.0;4.0;2048.0;-3.0;3.0;0.0
868928;-1.0;-6.0;2053.0;-4.0;3.0;-4.0
868931;3.0;-5.0;2050.0;-2.0;-3.0;0.0
868935;-3.0;-14.0;2045.0;0.0;-1.0;1.0
868938;4.0;-4.0;2046.0;1.0;3.0;-2.0
868942;-1.0;-5.0;2055.0;-4.0;1.0;-6.0
868945;5.0;10.0;2047.0;-4.0;-2.0;-4.0
868949;-3.0;-1.0;2047.0;0.0;2.0;-1.0
868952;0.0;5.0;2043.0;-3.0;5.0;-2.0
868956;5.0;8.0;2056.0;-2.0;3.0;-2.0
868959;10.0;-2.0;2046.0;-3.0;-1.0;-3.0
868963;-9.0;-9.0;2038.0;1.0;0.0;-4.0
868966;0.0;-10.0;2047.0;0.0;2.0;-1.0
868970;-5.0;-7.0;2039.0;-3.0;2.0;2.0
868973;-3.0;3.0;2056.0;0.0;-2.0;-3.0
868977;-2.0;-11.0;2049.0;0.0;-1.0;-1.0
868980;7.0;2.0;2046.0;-1.0;4.0;-2.0
868984;-2.0;-4.0;2039.0;-2.0;2.0;-1.0
868987;0.0;3.0;2051.0;0.0;0.0;-3.0
868991;-6.0;4.0;2039.0;-2.0;4.0;-5.0
868994;15.0;-4.0;2048.0;-2.0;-3.0;-2.0
868998;3.0;5.0;2050.0;-2.0;0.0;-3.0
869001;1.0;9.0;2043.0;1.0;1.0;-4.0
869005;-1.0;-1.0;2054.0;2.0;2.0;-1.0
869008;1.0;-6.0;2049.0;-2.0;3.0;-2.0
869012;1.0;1.0;2049.0;-1.0;4.0;0.0
869015;1.0;1.0;2045.0;1.0;3.0;2.0
869019;-7.0;-1.0;2045.0;1.0;-1.0;0.0
869022;5.0;2.0;2045.0;-4.0;0.0;-4.0
869026;4.0;-6.0;2045.0;-3.0;2.0;-2.0
869029;0.0;0.0;2050.0;-3.0;1.0;1.0
869033;3.0;1.0;2045.0;0.0;-1.0;-1.0
869036;2.0;-4.0;2049.0;2.0;2.0;1.0
869040;5.0;-9.0;2050.0;-2.0;3.0;-5.0
869043;-5.0;-4.0;2042.0;2.0;0.0;-4.0
869047;-3.0;-7.0;2049.0;0.0;1.0;-4.0
869050;6.0;4.0;2048.0;-3.0;0.0;2.0
869054;-4.0;-5.0;2042.0;-1.0;-1.0;-3.0
869057;-2.0;3.0;2048.0;0.0;2.0;-1.0
869061;6.0;5.0;2047.0;-2.0;4.0;-7.0
869064;5.0;-5.0;2048.0;-1.0;1.0;-4.0
869068;-2.0;8.0;2043.0;0.0;3.0;2.0
869071;-7.0;0.0;2046.0;-1.0;-1.0;-6.0
869075;0.0;-9.0;2051.0;1.0;-1.0;0.0
869078;9.0;-3.0;2049.0;3.0;-3.0;-1.0
869082;4.0;5.0;2052.0;1.0;-2.0;-1.0
869085;0.0;-3.0;2052.0;0.0;-1.0;-4.0
869089;-2.0;1.0;2047.0;0.0;3.0;-2.0
869092;1.0;-6.0;2041.0;1.0;0.0;-4.0
869096;3.0;0.0;2054.0;-1.0;1.0;-3.0
869099;6.0;9.0;2037.0;1.0;4.0;0.0
869103;-2.0;3.0;2040.0;2.0;1.0;-6.0
869106;-5.0;5.0;2050.0;-1.0;1.0;-1.0
869110;9.0;-2.0;2050.0;-2.0;0.0;-3.0
869113;-4.0;2.0;2046.0;-1.0;0.0;-3.0
869117;3.0;1.0;2049.0;2.0;-2.0;1.0
869120;-4.0;-1.0;2044.0;0.0;1.0;-3.0
869124;11.0;1.0;2044.0;-1.0;0.0;-4.0
869127;7.0;4.0;2052.0;0.0;0.0;2.0
869131;-7.0;3.0;2048.0;-4.0;1.0;-2.0
869134;-5.0;-5.0;2048.0;1.0;3.0;-4.0
869138;-2.0;2.0;2043.0;4.0;2.0;-1.0
869141;-5.0;4.0;2047.0;6.0;4.0;-6.0
869145;0.0;-2.0;2042.0;-1.0;2.0;-4.0
869148;8.0;4.0;2049.0;-1.0;4.0;2.0
869152;-4.0;17.0;2046.0;0.0;2.0;-2.0
869155;-7.0;-2.0;2050.0;-2.0;0.0;-2.0
869159;7.0;5.0;2044.0;1.0;0.0;2.0
869162;-2.0;-1.0;2044.0;-2.0;0.0;-1.0
869166;6.0;-10.0;2047.0;1.0;-2.0;-4.0
869169;10.0;-4.0;2046.0;-2.0;-2.0;-1.0
869173;13.0;1.0;2052.0;3.0;0.0;-2.0
869176;3.0;-5.0;2037.0;1.0;-2.0;-2.0
869180;11.0;9.0;2051.0;-1.0;1.0;-3.0
869183;4.0;6.0;2046.0;-2.0;1.0;0.0
869187;-3.0;6.0;2046.0;-3.0;2.0;-2.0
869190;-1.0;-14.0;2052.0;-1.0;2.0;-1.0
869194;15.0;-6.0;2051.0;3.0;4.0;2.0
869197;-7.0;-2.0;2035.0;3.0;0.0;-3.0
869201;-4.0;6.0;2046.0;1.0;1.0;0.0
869204;-1.0;-2.0;2053.0;0.0;4.0;3.0
869208;10.0;-1.0;2040.0;-2.0;2.0;-3.0
869211;5.0;2.0;2045.0;-2.0;3.0;-2.0
869215;-4.0;4.0;2047.0;1.0;3.0;-3.0
869218;4.0;4.0;2041.0;2.0;1.0;-1.0
869222;0.0;2.0;2045.0;-4.0;-2.0;0.0
869225;9.0;6.0;2058.0;3.0;-1.0;1.0
869229;-1.0;-7.0;2051.0;-1.0;0.0;-2.0
869232;14.0;9.0;2051.0;-2.0;0.0;1.0
869236;-5.0;16.0;2054.0;1.0;-2.0;-5.0
869239;5.0;2.0;2049.0;1.0;1.0;-1.0
869243;6.0;0.0;2047.0;-4.0;0.0;-2.0
869246;2.0;-2.0;2043.0;-9.0;-4.0;1.0
869250;12.0;6.0;2050.0;-4.0;1.0;-4.0
869253;-1.0;0.0;2045.0;-2.0;1.0;1.0
869257;4.0;10.0;2058.0;-4.0;3.0;-1.0
869260;-5.0;-4.0;2047.0;0.0;2.0;-1.0
869264;5.0;6.0;2045.0;0.0;4.0;-4.0
869267;-3.0;6.0;2047.0;1.0;0.0;-3.0
869271;-3.0;-2.0;2042.0;0.0;1.0;-4.0
869274;-7.0;-1.0;2053.0;-1.0;-2.0;-2.0
869278;11.0;-1.0;2046.0;-1.0;4.0;-4.0
869281;8.0;-2.0;2052.0;3.0;-1.0;0.0
869285;-2.0;3.0;2047.0;-3.0;1.0;1.0
869288;-1.0;12.0;2037.0;-2.0;3.0;-6.0
869292;8.0;0.0;2036.0;-2.0;1.0;1.0
869295;14.0;-5.0;2055.0;3.0;-3.0;-3.0
869299;1.0;9.0;2047.0;3.0;6.0;-2.0
869302;7.0;4.0;2045.0;1.0;4.0;-1.0
869306;7.0;7.0;2039.0;-4.0;3.0;-2.0
869309;5.0;-3.0;2053.0;-2.0;1.0;-2.0
869313;0.0;5.0;2042.0;-1.0;-2.0;0.0
869316;2.0;4.0;2043.0;0.0;-1.0;1.0
869320;0.0;12.0;2049.0;-2.0;5.0;-5.0
869323;11.0;-9.0;2048.0;-2.0;0.0;-1.0
869327;-2.0;5.0;2042.0;2.0;2.0;-6.0
869330;16.0;-3.0;2049.0;1.0;4.0;-2.0
869334;-5.0;-2.0;2036.0;-2.0;0.0;-1.0
869337;5.0;0.0;2046.0;1.0;-1.0;5.0
869341;9.0;-11.0;2044.0;2.0;0.0;0.0
869344;-5.0;0.0;2045.0;2.0;1.0;-2.0
869348;-10.0;1.0;2050.0;-2.0;0.0;-4.0
869351;2.0;4.0;2059.0;-1.0;-1.0;-3.0
869355;12.0;-1.0;2053.0;-4.0;3.0;-2.0
869358;6.0;-9.0;2041.0;0.0;3.0;-1.0
869362;1.0;-2.0;2051.0;-3.0;5.0;-2.0
869365;9.0;-4.0;2046.0;-4.0;2.0;-7.0
869369;-5.0;-6.0;2054.0;-4.0;-2.0;-8.0
869372;1.0;-2.0;2046.0;1.0;-1.0;-2.0
869376;5.0;9.0;2044.0;5.0;-2.0;-6.0
869379;12.0;3.0;2048.0;2.0;0.0;-1.0
869383;-10.0;-2.0;2050.0;-1.0;1.0;-2.0
869386;6.0;5.0;2053.0;-3.0;3.0;0.0
869390;-4.0;-5.0;2047.0;2.0;3.0;-3.0
869393;3.0;0.0;2050.0;-1.0;2.0;5.0
869397;-3.0;9.0;2047.0;-2.0;1.0;-4.0
869400;8.0;3.0;2047.0;0.0;-2.0;2.0
